AH110,7.1,https://drive.google.com/file/d/1ngB4MujCttZJ1Z6e_q_BWuzzEzHav1UB/view?usp=drivesdk
AH111,12.2,https://drive.google.com/file/d/1hD_8FLvtT53doHR3Xe1zt_LTCIBuW8QA/view?usp=drivesdk
AH111,14.1,https://drive.google.com/file/d/1KPNANKiLzJ5QF4N81vjVUf-jLBv40Gxt/view?usp=drivesdk
AH111,12.2,https://drive.google.com/file/d/1pK3EmLraQkDTM7W98Xu5orj3vNC9ARzV/view?usp=drivesdk
AH111,8.1,https://drive.google.com/file/d/1DQm8ra1e0vOCqa0z3ZZD2E4NH0ii1kvL/view?usp=drivesdk
AH111,3.2,https://drive.google.com/file/d/1egsXnMtwKimnT64dLFupWLFeDZVExX-q/view?usp=drivesdk
AH154,12.1,https://drive.google.com/file/d/1xRYbrtwyBfrjZUAIiv8Osj3JJyw0A7A1/view?usp=drivesdk
AH154,2.1,https://drive.google.com/file/d/1cbzgLl6hZH_opkw63h0GD1dhAYyAQE98/view?usp=drivesdk
B110,8.2,https://drive.google.com/file/d/1obuOQZb78d8gaMRjqfa1Xrdx3JLEzoQq/view?usp=drivesdk
B110,6.2,https://drive.google.com/file/d/1lXCwhXVyRraRtV4Zzm7jBp8ON01owr-K/view?usp=drivesdk
B110,10.1,https://drive.google.com/file/d/1ehXZBvlZ0i6txMpSOoiQ1EYYLIVomWMC/view?usp=drivesdk
B110,10.1,https://drive.google.com/file/d/1Fr4scy3uYeS6excdkABB4uofazotYggb/view?usp=drivesdk
B111,Assignment 2 / New Heritage,https://drive.google.com/file/d/1ofbHsWPVbbi8tDnFYSCe1OCOP4PnY0aY/view?usp=drivesdk
B111,Assignment 2 / New Heritage,https://drive.google.com/file/d/1S3Y5JE0m-OG0SI7AntrErGGhxss-Qljj/view?usp=drivesdk
B111,8.2,https://drive.google.com/file/d/1d8jZc4MFarVJ72kBvW52WzeBcpbicGa0/view?usp=drivesdk
B111,14.1,https://drive.google.com/file/d/1qv2cJ56OLTDuX9AMqbSXadsl19tceZ8k/view?usp=drivesdk
B112,9.2,https://drive.google.com/file/d/1Itaw2kiIO0KK7-z7IVa9LI6NTypq1E6l/view?usp=drivesdk
B112,4.1,https://drive.google.com/file/d/1yFPOqAbV5Grf3vE1evdO32kxfQ9eo8C0/view?usp=drivesdk
B112,2.1,https://drive.google.com/file/d/1W6raSi-cSGxCbygaxOCO3Jebjc-_EvL7/view?usp=drivesdk
B112,14.1,https://drive.google.com/file/d/1Xb4th9SAIxGeIMTVKJzQyN1zplBJSwlj/view?usp=drivesdk
B112,14.2,https://drive.google.com/file/d/1-InlkJDEVmjdju3YIS0YqIeK19Pn-0E7/view?usp=drivesdk
B112,7.1,https://drive.google.com/file/d/1aH9ao0DRmASpcaWxL4ZFGQwwTmL35aSK/view?usp=drivesdk
B112,13.1,https://drive.google.com/file/d/1yghzshniuNezCRHE6lcUvi6LEEa5SuWA/view?usp=drivesdk
B112,8.2,https://drive.google.com/file/d/1bnu8oRexYwi-BBU6lhLrThMekXpFGaD2/view?usp=drivesdk
B112,8.1,https://drive.google.com/file/d/1d4mWHlKzhqn71DBJkoZhMGq1YzMOLeuN/view?usp=drivesdk
B112,7.1,https://drive.google.com/file/d/1vRs1AFW0bm6UTR4df6_W-DZDESUXZHxe/view?usp=drivesdk
B112,12.2,https://drive.google.com/file/d/1N-PMogyEJ-wyChwg8Iv7NTyaaAh_eKlL/view?usp=drivesdk
B112,4.1,https://drive.google.com/file/d/1RjckNXPtsfjcKGuxTy76SKkBWmt_OH_q/view?usp=drivesdk
B113,14.2,https://drive.google.com/file/d/1QESxc7pqmzyu2e_VnjZUPfGIA7E4t-ed/view?usp=drivesdk
B113,13.2,https://drive.google.com/file/d/1NSdldIy3k2OttvggpO_-G3GI4pHB01hM/view?usp=drivesdk
B113,1.2,https://drive.google.com/file/d/1FQt7AMwYql7X1TrrWPgaNq7LnUllu_5x/view?usp=drivesdk
B113,8.1,https://drive.google.com/file/d/1PxLtye0wZfqXYxBpgWmnG1Pm2ojJVCnC/view?usp=drivesdk
B113,11.1,https://drive.google.com/file/d/1J3QXjb81FRg3KtWNxLLd6NJ_jcBL9Bk3/view?usp=drivesdk
B113,2.2,https://drive.google.com/file/d/1d_fuLWxc3Bw1vYFDAUjDXdCSAawW_0iO/view?usp=drivesdk
B113,12.1,https://drive.google.com/file/d/1Gz-J20TTvJ_rCSc257Bdv7Dp7iqRFgDz/view?usp=drivesdk
B113,9.1,https://drive.google.com/file/d/1y5D4IVJ5dBc_n8zQfFsJyiSVRfLznfIY/view?usp=drivesdk
B113,12.2,https://drive.google.com/file/d/11GekD6ERTihzTYvvfsIfWfQUtxNb2z0M/view?usp=drivesdk
B113,3.1,https://drive.google.com/file/d/1afm6MuuGYqCaGDa2VQsz2lJ1r6jixl3U/view?usp=drivesdk
B113,14.1,https://drive.google.com/file/d/1pkWHYzlhSai_ChbRX9tmBoZg30A3NOW6/view?usp=drivesdk
B113,13.1,https://drive.google.com/file/d/16vqbbNJekA7SFmVUP6FPenoL_uwy4nZc/view?usp=drivesdk
B144,2.2,https://drive.google.com/file/d/1zAxm-Ge-jDccdiXvHzs3-87-VqSDwpZ9/view?usp=drivesdk
B144,1.2,https://drive.google.com/file/d/15B78HttuHx4yxFuXJy7d20EEC_qGRyI0/view?usp=drivesdk
B144,7.1,https://drive.google.com/file/d/10l1bfzSJ-EY6cjO5IVaGAabPthpULDhk/view?usp=drivesdk
B144,9.1,https://drive.google.com/file/d/1eYFDPj-LL6h2LDHHg61I4J12JL2xrSgF/view?usp=drivesdk
B144,2.1,https://drive.google.com/file/d/1t0O4NAWXFEt9dbXkWD9szsjDWCT44cF_/view?usp=drivesdk
B144,10.2,https://drive.google.com/file/d/1IjEFEWBWDxLh9ccab5Kts2CI1xvozZg5/view?usp=drivesdk
B144,8.1,https://drive.google.com/file/d/16wzjl7-zBUftVQX1eMcCOzz4-nbtXRej/view?usp=drivesdk
B144,13.1,https://drive.google.com/file/d/1Nxaak8hmNe_m2niMUqkQjNbClyIu7sG1/view?usp=drivesdk
B144,13.2,https://drive.google.com/file/d/1St0H3LBZhHkaj7feEZarJ439zzA9E1xS/view?usp=drivesdk
B145,Assignment 2,https://drive.google.com/file/d/1-TYnGc9jbFaVJwZQrnj94Eim_QmIQe6d/view?usp=drivesdk
B145,3.2,https://drive.google.com/file/d/19jYH0bKWL6Lr-VC5qyZyX398nkVCI0RC/view?usp=drivesdk
B145,1.2,https://drive.google.com/file/d/148E0yvvaR6VBzKNOcqqKx1tBGW2dIjOc/view?usp=drivesdk
B145,9.2,https://drive.google.com/file/d/1rupxbj00eNmrKMJ9P68mN973UbpXSnEb/view?usp=drivesdk
B145,6.2,https://drive.google.com/file/d/1Mqj1IbSJLaE_hYX_cY8R5A88c4QcGGDI/view?usp=drivesdk
B145,8.1,https://drive.google.com/file/d/1AbT1iPikgTRgl-Jcrl1U8Bv_e6uNJ4gn/view?usp=drivesdk
B145,9.1,https://drive.google.com/file/d/1oqx4LPnoNvvpbaF8-5Xh5Hq-UE6cLTcw/view?usp=drivesdk
B145,13.1,https://drive.google.com/file/d/1DPva0oO5RfE03BfUo3MCE2vr759-7NgU/view?usp=drivesdk
B154,8.1,https://drive.google.com/file/d/17kefJWSdnt8NB_YQHJnBBccgo3K0-E4g/view?usp=drivesdk
B154,9.1,https://drive.google.com/file/d/1-859fHbV5eSGhvQtLg-98CbNZJM9mFJ8/view?usp=drivesdk
B154,8.1,https://drive.google.com/file/d/1qsOaR62fHgAUlmwbPNfDgjd1Lw5Mhmyf/view?usp=drivesdk
B154,2.2,https://drive.google.com/file/d/1Y3jcuNTiXutU05j6Fz_Z5j2NCdjaQcYg/view?usp=drivesdk
B155,13.2,https://drive.google.com/file/d/1oi3PPoGtwvdyZbmX3zaNpgy6wHxa_6Zr/view?usp=drivesdk
B155,14.1,https://drive.google.com/file/d/1ZmFJz_IK_QOLTix9Hdtfeob2TPWA3GgG/view?usp=drivesdk
B155,10.1,https://drive.google.com/file/d/1apvDq5nyMVQAf7vYrgxpuug1xlUgqVve/view?usp=drivesdk
B155,5.2,https://drive.google.com/file/d/1b2OGtx_cWtwDJTIfYh7k07oYfi-QxWWZ/view?usp=drivesdk
B155,3.2,https://drive.google.com/file/d/15X1guZz3FqnsjpvSQDQdbPI-31Lq3zsQ/view?usp=drivesdk
B155,11.1,https://drive.google.com/file/d/1wqqbNLwky9AnWHxXn6yjmBiNYDj3ezKt/view?usp=drivesdk
B155,7.2,https://drive.google.com/file/d/1eYB5PGLfw-pusJzo7tkrrCDwAXuEyXpN/view?usp=drivesdk
B165,2.2,https://drive.google.com/file/d/1dBZ3rfDy0c2sJKOLQsQP1k2hJRVbqOiA/view?usp=drivesdk
B165,1.1,https://drive.google.com/file/d/1DR4X_J2QGYGTAsjaKfnIDFq6UTQDCZnp/view?usp=drivesdk
B165,1.2,https://drive.google.com/file/d/1RkNiGtuZpG7UT8KYX1G90OuasarXpgWM/view?usp=drivesdk
B165,2.2,https://drive.google.com/file/d/1Czxokl9W4OznCrUNv0fVb5PahaB11poe/view?usp=drivesdk
B165,2.1,https://drive.google.com/file/d/1UFFq4oxq3-jCwyNBHemUtZX9kDwOLQYh/view?usp=drivesdk
B166,3.1,https://drive.google.com/file/d/1iKkueUrjAjPAcNPU7V4Te_6mB9X2zjjt/view?usp=drivesdk
B166,7.1,https://drive.google.com/file/d/165titYyQjx50_v7ncaVD8uLpUSaUnqMh/view?usp=drivesdk
B166,2.1,https://drive.google.com/file/d/17N-9VJi046j1jQiVf9uY0TzWgKDFd19t/view?usp=drivesdk
B166,7.1,https://drive.google.com/file/d/130KJ2eqdR_F1F8vK1zHCcI4MedQEXySZ/view?usp=drivesdk
B166,10.2,https://drive.google.com/file/d/1oG4YsWEb9Q7SUeVzPd2WcCOhoJsTkZ84/view?usp=drivesdk
CS162,MLOps whitepaper.pdf,https://drive.google.com/file/d/1SCxJMaS3Bdf1Ul39elFhUj6N_OfRpESX/view?usp=drivesdk
CS162,Frankel2015_Article_TheTraumaticBasisForTheResurge.pdf,https://drive.google.com/file/d/1yKNdczBP1IxGuN5RApgb2zVMlcLA0jPD/view?usp=drivesdk
CS166,2009_Book_ExplorationsInMonteCarloMethod (1).pdf,https://drive.google.com/file/d/1zzGRZkJF9QBwHILHvtd_2lym8Hv29HHX/view?usp=drivesdk
CS166,Sayama.pdf,https://drive.google.com/file/d/1ULEzfCzor31fp_Utv-ewk_sZ5KEm6_7W/view?usp=drivesdk
SS110,7.1,https://drive.google.com/file/d/1H3vh0ha_JLE3eGY_8smNg_a3RBkptZb_/view?usp=drivesdk
SS110,1.1,https://drive.google.com/file/d/1wTAaLoELwUsbxPXu8KT8DFSBqvM3I3Fx/view?usp=drivesdk
SS110,3.2 (2019),https://drive.google.com/file/d/1CGxlxm6lIO5gTZ7oPz-tQnkTrxuy_LyT/view?usp=drivesdk
SS110,2.2,https://drive.google.com/file/d/16XrcivZqdb5imsMAhE4m00yUfZ7okXNr/view?usp=drivesdk
SS110,6.1,https://drive.google.com/file/d/1o4AWUI-TrsRxSoUm-hEuvOoqfSjiDZXW/view?usp=drivesdk
SS110,6.1,https://drive.google.com/file/d/1mawrMYs3QKKxkBJzO3J4r9fj_ATGw5VO/view?usp=drivesdk
SS112,2.2,https://drive.google.com/file/d/1Y309d_20AvEWHM72YbUpzOcqT03Ukt-g/view?usp=drivesdk
SS112,3.2,https://drive.google.com/file/d/15oRSoGHigngEBOJzclglBuPSBSAHfuxc/view?usp=drivesdk
SS112,2.1,https://drive.google.com/file/d/1wTECDAnekkMDeylRtCwlSrQguzK-WN21/view?usp=drivesdk
SS112,1.2,https://drive.google.com/file/d/1AgLjQGv3EDejNDoVksDC4h_d-r5MMCxA/view?usp=drivesdk
SS112,1.2,https://drive.google.com/file/d/1TVvw3rVQaeXfj5oLui0E9V5ufET5DPu_/view?usp=drivesdk
SS112,1.2,https://drive.google.com/file/d/1lTKgQwMd0SG6JwI9U55fa3vCiUeLS4Qg/view?usp=drivesdk
SS112,2.1,https://drive.google.com/file/d/1PKKCY-Mav_a7OQLSZKpX45YiuJMaw8s9/view?usp=drivesdk
SS112,8.2,https://drive.google.com/file/d/1NRYMA5szqkinKpatJqi7EA9Of-AleO_O/view?usp=drivesdk
SS144,5.2,https://drive.google.com/file/d/1Cj8k6b8sAe4qwcDRaUY0LwBM8JpcxngN/view?usp=drivesdk
SS144,6.2,https://drive.google.com/file/d/1AyFhyCeXgyPvpA6F8a3cBQS5U6LeI56H/view?usp=drivesdk
SS144,7.2,https://drive.google.com/file/d/1k6oNq_il4p-BiyEbR9G1FuE4Nq0fnhF1/view?usp=drivesdk
SS162,12.2,https://drive.google.com/file/d/1THbBc7zSQqMN_Et5W9zGk6T8MuVnYFrs/view?usp=drivesdk
SS162,7.2,https://drive.google.com/file/d/1CckZtvl-JkUntwPoVWcffgwyOqPwh_On/view?usp=drivesdk
SS166,1.2,https://drive.google.com/file/d/171vqtUJFzkRoZ-EgbRm5CFkm7QyyOeYt/view?usp=drivesdk
SS166,9.1,https://drive.google.com/file/d/1EH3zulPdEyO_MxudY-4vtfpis7CJD0op/view?usp=drivesdk
SS166,1.2,https://drive.google.com/file/d/1PW7p5LveEtPfbvQECmOHMtd2-odhGzxd/view?usp=drivesdk
SS166,3.2,https://drive.google.com/file/d/17vSA3bQjV2I92cJzLUYWOGSn5CwU7Xrg/view?usp=drivesdk
SS166,3.1,https://drive.google.com/file/d/1YmORIslYacMKBNVV9tw502il3I03QIO3/view?usp=drivesdk
SS166,10.2,https://drive.google.com/file/d/172wXe3gy03KIoqr5R1vK7gWGLRJuaH06/view?usp=drivesdk
SS166,10.2,https://drive.google.com/file/d/1dWyjygDxJwZu5NE1-OIhbDScq_iwSkq2/view?usp=drivesdk
SS166,1.2,https://drive.google.com/file/d/16pnJZVFr7l-46r3Eca2pIS3MRs_agZ2k/view?usp=drivesdk